,image,papyri,position,fragment,patch
0,1_14022_4919R.png,140220,0,140220_1,0
7,1_13600_4514BV.png,136001,1,136001_1,0
27,1_17109_5910Z11R.png,171090,0,171090_1,0
33,0_10945_4107IR.png,109450,0,109450_0,0
53,0_13930_4816DR.png,139300,0,139300_0,0
69,5_13917_4807EV.png,139171,1,139171_5,0
73,1_14138_5188GV.png,141381,1,141381_1,0
75,1_12404_3936CV.png,124041,1,124041_1,0
95,1_13378_4491CR.png,133780,0,133780_1,0
97,1_10775_4098KV.png,107751,1,107751_1,0
113,13_14016_4914BR.png,140160,0,140160_13,0
117,4_13979_4877DV.png,139791,1,139791_4,0
125,6_13931_4816EV.png,139311,1,139311_6,0
136,0_13968_4874CV.png,139681,1,139681_0,0
145,2_4660_1835R.png,46600,0,46600_2,0
165,4_13960_4873DV.png,139601,1,139601_4,0
176,1_10980_4110AV.png,109801,1,109801_1,0
192,1_8872_3538R.png,88720,0,88720_1,0
202,1_12845_4433SV.png,128451,1,128451_1,0
210,2_12051_4237QR.png,120510,0,120510_2,0
224,0_14114_5121ER.png,141140,0,141140_0,0
241,0_12806_4419DV.png,128061,1,128061_0,0
261,0_10260_3796R1.png,102600,0,102600_0,0
281,0_16793_5855FV.png,167931,1,167931_0,0
298,3_13896_4801AR.png,138960,0,138960_3,0
318,1_16710_3520_P12_71.png,167101,1,167101_1,0
338,0_9309_2566R.png,93090,0,93090_0,0
352,7_14016_4914BR.png,140160,0,140160_7,0
354,15_14138_5188GV.png,141381,1,141381_15,0
374,0_16627_3520_P4.png,166271,1,166271_0,0
394,0_4444_4963R.png,44440,0,44440_0,0
414,0_13797_4715CV.png,137971,1,137971_0,0
434,2_16723_3520_P23_58.png,167231,1,167231_2,0
454,1_13865_4761A1R.png,138650,0,138650_1,0
456,2_15300_6421R.png,153000,0,153000_2,0
476,5_13885_4797DV.png,138851,1,138851_5,0
477,1_13913_4807AR.png,139130,0,139130_1,0
497,2_17122_5926CR.png,171220,0,171220_2,0
499,1_11524_4152AR.png,115240,0,115240_1,0
519,0_2218_4526C1V.png,22181,1,22181_0,0
539,1_17121_5926BR.png,171210,0,171210_1,0
540,5_13905_4801KV.png,139051,1,139051_5,0
545,1_13094_4458BV.png,130941,1,130941_1,0
565,3_14207_5252G28R.png,142070,0,142070_3,0
568,7_14742_6606R.png,147420,0,147420_7,0
588,1_13489_4502IV.png,134891,1,134891_1,0
593,0_8914_3554BR.png,89140,0,89140_0,0
613,1_16217_5576FR.png,162170,0,162170_1,0
625,10_14207_5252G28R.png,142070,0,142070_10,0
630,0_12673_4417AR.png,126730,0,126730_0,0
650,3_13918_4807FV.png,139181,1,139181_3,0
661,3_13933_4833BV.png,139331,1,139331_3,0
681,0_14742_6606V.png,147421,1,147421_0,0
701,3_13980_4877EV.png,139801,1,139801_3,0
702,3_14740_6607BR.png,147400,0,147400_3,0
707,7_13894_4797LV.png,138941,1,138941_7,0
716,5_13944_4854CR.png,139440,0,139440_5,0
736,3_17654_6804AR.png,176540,0,176540_3,0
745,1_1954_335V.png,19541,1,19541_1,0
765,20_13903_4801HV.png,139031,1,139031_20,0
773,0_4216_6722VO.png,42161,1,42161_0,0
793,1_14165_5246BR.png,141650,0,141650_1,0
803,1_13919_4807GV.png,139191,1,139191_1,0
823,8_13914_4807BR.png,139140,0,139140_8,0
843,1_8422_401DR.png,84220,0,84220_1,0
845,0_4491_6281AR.png,44910,0,44910_0,0
865,0_18165_5894V.png,181651,1,181651_0,0
885,11_13905_4801KV.png,139051,1,139051_11,0
891,1_14640_6219CV.png,146401,1,146401_1,0
893,2_14754_6605HV.png,147541,1,147541_2,0
910,1_12615_4409EV.png,126151,1,126151_1,0
917,1_14284_5440BR.png,142840,0,142840_1,0
918,8_14103_5065CV.png,141031,1,141031_8,0
925,5_13924_4816BR.png,139240,0,139240_5,0
938,2_13543_4507FR.png,135430,0,135430_2,0
958,3_14069_4948V.png,140691,1,140691_3,0
960,0_8585_2141R.png,85850,0,85850_0,0
964,1_15632_6988R.png,156320,0,156320_1,0
984,2_13799_4715ER.png,137990,0,137990_2,0
1004,2_17712_6809DV.png,177121,1,177121_2,0
1006,0_2124_394R.png,21240,0,21240_0,0
1026,1_12017_4369R.png,120170,0,120170_1,0
1028,8_13969_4874DV.png,139691,1,139691_8,0
1030,0_14736_6609A_3R.png,147360,0,147360_0,0
1032,0_11018_4112MR.png,110180,0,110180_0,0
1052,1_14085_5031BR.png,140850,0,140850_1,0
1062,1_9802_3359R.png,98020,0,98020_1,0
1066,0_4009_1038R.png,40090,0,40090_0,0
1086,2_12712_4420DV.png,127121,1,127121_2,0
1106,2_13946_4857AV.png,139461,1,139461_2,0
1109,1_4503_6671V.png,45031,1,45031_1,0
1129,0_13382_4491DR.png,133820,0,133820_0,0
1149,8_14742_6606R.png,147420,0,147420_8,0
1152,1_8828_2093V.png,88281,1,88281_1,0
1155,0_15157_6397TV.png,151571,1,151571_0,0
1169,1_12152_4275OR.png,121520,0,121520_1,0
1180,20_14138_5188GV.png,141381,1,141381_20,0
1188,10_14081_5006BV.png,140811,1,140811_10,0
1193,0_4363_4024R_4027AR.png,43630,0,43630_0,0
1213,1_4188_5615VO.png,41881,1,41881_1,0
1217,0_16620_3520_P16_67.png,166201,1,166201_0,0
1237,1_13339_4484AR.png,133390,0,133390_1,0
1257,5_15168_6399R.png,151680,0,151680_5,0
1260,4_14148_5191BR.png,141480,0,141480_4,0
1261,4_13899_4801DR.png,138990,0,138990_4,0
1264,5_13920_4807HR.png,139200,0,139200_5,0
1265,3_15216_6412DV.png,152161,1,152161_3,0
1271,1_4009_1038V.png,40091,1,40091_1,0
1277,1_17095_5910Z3V.png,170951,1,170951_1,0
1297,0_9802_3359V.png,98021,1,98021_0,0
1317,0_12010_4364V.png,120101,1,120101_0,0
1337,0_4952_398CR.png,49520,0,49520_0,0
1353,0_13337_4483R.png,133370,0,133370_0,0
1373,1_17581_6774ER.png,175810,0,175810_1,0
1379,0_10260_3796R2.png,102600,0,102600_0,0
1399,3_13966_4874BV.png,139661,1,139661_3,0
1402,0_13975_4877AR.png,139750,0,139750_0,0
1417,0_16840_5869WR.png,168400,0,168400_0,0
1429,18_14016_4914BR.png,140160,0,140160_18,0
1442,4_14081_5006BV.png,140811,1,140811_4,0
1448,26_14016_4914BR.png,140160,0,140160_26,0
1454,4_14137_5188FV.png,141371,1,141371_4,0
1469,1_10053_3567BR.png,100530,0,100530_1,0
1472,1_15617_6978R.png,156170,0,156170_1,0
1492,1_12831_4433LR.png,128310,0,128310_1,0
1512,3_4636_4964R.png,46360,0,46360_3,0
1532,1_13013_4448ER.png,130130,0,130130_1,0
1552,1_3410_6653AR.png,34100,0,34100_1,0
1572,1_16599_3520_P38_43.png,165991,1,165991_1,0
1592,0_13899_4801DV.png,138991,1,138991_0,0
1612,1_14722_6611BV.png,147221,1,147221_1,0
1632,2_15108_6392DR.png,151080,0,151080_2,0
1644,0_18641_2151R.png,186410,0,186410_0,0
1664,1_13628_4518BV.png,136281,1,136281_1,0
1684,1_13596_4513DR.png,135960,0,135960_1,0
1704,3_13914_4807BR.png,139140,0,139140_3,0
1706,1_10781_4098QR.png,107810,0,107810_1,0
1726,13_14070_4949R.png,140700,0,140700_13,0
1740,1_16849_5869Z7R.png,168490,0,168490_1,0
1748,1_4216_6722RA.png,42160,0,42160_1,0
1768,3_14070_4949R.png,140700,0,140700_3,0
1788,0_13524_4505CR.png,135240,0,135240_0,0
1792,2_14622_6214ER.png,146220,0,146220_2,0
1803,6_13922_4814BR.png,139220,0,139220_6,0
1820,1_11556_4154IR.png,115560,0,115560_1,0
1840,0_16615_3520_P18_65.png,166151,1,166151_0,0
1860,9_17712_6809DV.png,177121,1,177121_9,0
1870,0_13486_4502HR.png,134860,0,134860_0,0
1890,0_10260_3796R3.png,102600,0,102600_0,0
1910,0_12823_4433ER.png,128230,0,128230_0,0
1923,3_14103_5065CV.png,141031,1,141031_3,0
1926,3_13969_4874DV.png,139691,1,139691_3,0
1927,0_18132_7026V.png,181321,1,181321_0,0
1947,0_16649_3520_P30_51.png,166491,1,166491_0,0
1967,1_13903_4801HV.png,139031,1,139031_1,0
1971,2_11457_4147AR.png,114570,0,114570_2,0
1987,2_3946_3V.png,39461,1,39461_2,0
1990,0_17857_6940V.png,178571,1,178571_0,0
2010,1_2384_5138R.png,23840,0,23840_1,0
2026,0_2826_6369V.png,28261,1,28261_0,0
2046,1_16719_3520_P62.png,167191,1,167191_1,0
2066,3_4363_4027AR.png,43630,0,43630_3,0
2076,0_14163_5240GR.png,141630,0,141630_0,0
2080,0_17803_6828BR.png,178030,0,178030_0,0
2094,0_18136_7034R.png,181360,0,181360_0,0
2114,8_13933_4833BV.png,139331,1,139331_8,0
2115,1_4525_7031R.png,45250,0,45250_1,0
2123,7_13923_4816AR.png,139230,0,139230_7,0
2129,1_14115_5121FR.png,141150,0,141150_1,0
2133,7_14103_5065CR.png,141030,0,141030_7,0
2135,0_14005_4899R.png,140050,0,140050_0,0
2155,15_13903_4801HV.png,139031,1,139031_15,0
2160,1_14157_5240BR.png,141570,0,141570_1,0
2180,2_17936_6719R.png,179360,0,179360_2,0
2200,7_13969_4874DV.png,139691,1,139691_7,0
2205,1_17852_6933R.png,178520,0,178520_1,0
2213,3_13978_4877CV.png,139781,1,139781_3,0
2228,1_14868_6587AR.png,148680,0,148680_1,0
2248,1_16616_3520_P18_65.png,166161,1,166161_1,0
2268,5_13903_4801HV.png,139031,1,139031_5,0
2270,2_10651_4089AV.png,106511,1,106511_2,0
2280,1_13985_4888R.png,139850,0,139850_1,0
2300,7_14103_5065CV.png,141031,1,141031_7,0
2303,1_5218_469V.png,52181,1,52181_1,0
2305,0_15434_4447BR.png,154340,0,154340_0,0
2325,4_4363_4027AR.png,43630,0,43630_4,0
2345,0_13971_4876BR.png,139710,0,139710_0,0
2365,2_13922_4814BR.png,139220,0,139220_2,0
2379,2_8601_2152R.png,86010,0,86010_2,0
2381,1_11889_4208FV.png,118891,1,118891_1,0
2389,2_12784_4428EV.png,127841,1,127841_2,0
2409,7_13914_4807BR.png,139140,0,139140_7,0
2429,5_13628_4518BV.png,136281,1,136281_5,0
2449,3_14084_5028BR.png,140840,0,140840_3,0
2455,0_17857_6940R.png,178570,0,178570_0,0
2475,0_11467_4148FR.png,114670,0,114670_0,0
2495,0_18132_7026R.png,181320,0,181320_0,0
2515,2_17077_5910KR.png,170770,0,170770_2,0
2527,11_13903_4801HV.png,139031,1,139031_11,0
2531,13_13969_4874DV.png,139691,1,139691_13,0
2537,0_15226_6413FV.png,152261,1,152261_0,0
2548,8_13894_4797LV.png,138941,1,138941_8,0
2551,3_13923_4816AR.png,139230,0,139230_3,0
2562,3_14103_5065CR.png,141030,0,141030_3,0
2566,1_15169_6400R.png,151690,0,151690_1,0
2585,5_13915_4807CR.png,139150,0,139150_5,0
2588,0_4525_7031R.png,45250,0,45250_0,0
2608,1_2826_6369V.png,28261,1,28261_1,0
2628,0_12983_4445AR.png,129830,0,129830_0,0
2648,1_16627_3520_P4.png,166271,1,166271_1,0
2668,0_2384_5138R.png,23840,0,23840_0,0
2688,4_17803_6828BR.png,178030,0,178030_4,0
2690,4_14163_5240GR.png,141630,0,141630_4,0
2693,2_13001_4446FR.png,130010,0,130010_2,0
2713,4_14070_4949R.png,140700,0,140700_4,0
2716,0_12022_4375R.png,120220,0,120220_0,0
2736,1_13596_4513DV.png,135961,1,135961_1,0
2756,1_13875_4761FV.png,138751,1,138751_1,0
2776,0_13865_4761A1R.png,138650,0,138650_0,0
2791,0_8564_4286AR.png,85640,0,85640_0,0
2811,2_13589_4512CV.png,135891,1,135891_2,0
2831,0_13899_4801DR.png,138990,0,138990_0,0
2851,1_13920_4807HR.png,139200,0,139200_1,0
2853,0_15197_6409DR.png,151970,0,151970_0,0
2871,0_14148_5191BR.png,141480,0,141480_0,0
2878,24_14138_5188GV.png,141381,1,141381_24,0
2883,14_14081_5006BV.png,140811,1,140811_14,0
2884,8_14016_4914BR.png,140160,0,140160_8,0
2886,1_12896_4436GV.png,128961,1,128961_1,0
2906,3_17858_6941R.png,178580,0,178580_3,0
2914,0_8828_2093V.png,88281,1,88281_0,0
2934,0_13039_4452AR.png,130390,0,130390_0,0
2954,0_4503_6671V.png,45031,1,45031_0,0
2974,2_14062_4944AV.png,140621,1,140621_2,0
2976,2_4216_6722VA.png,42161,1,42161_2,0
2996,5_14085_5031BR.png,140850,0,140850_5,0
3000,1_5125_4207BR.png,51250,0,51250_1,0
3010,1_17713_6818AR.png,177130,0,177130_1,0
3030,1_4009_1038R.png,40090,0,40090_1,0
3038,4_4660_1835R.png,46600,0,46600_4,0
3058,2_4508_6712V.png,45081,1,45081_2,0
3062,1_13421_4495FR.png,134210,0,134210_1,0
3064,0_9802_3359R.png,98020,0,98020_0,0
3084,2_15168_6399R.png,151680,0,151680_2,0
3094,2_14151_5212R.png,141510,0,141510_2,0
3104,0_9876_3427R_5.png,98760,0,98760_0,0
3124,2_12570_4407AR.png,125700,0,125700_2,0
3144,3_15216_6412DR.png,152160,0,152160_3,0
3150,4_13899_4801DV.png,138991,1,138991_4,0
3170,1_12907_4437EV.png,129071,1,129071_1,0
3190,22_14016_4914BR.png,140160,0,140160_22,0
3199,0_14137_5188FV.png,141371,1,141371_0,0
3204,1_13040_4452AV.png,130401,1,130401_1,0
3206,0_14081_5006BV.png,140811,1,140811_0,0
3216,0_15157_6397TR.png,151570,0,151570_0,0
3229,0_13382_4491DV.png,133821,1,133821_0,0
3249,4_13975_4877AR.png,139750,0,139750_4,0
3267,1_4952_398CR.png,49520,0,49520_1,0
3287,0_13647_4521ER.png,136470,0,136470_0,0
3292,0_17899_6985V.png,178991,1,178991_0,0
3312,1_9802_3359V.png,98021,1,98021_1,0
3315,0_16723_3520_P23_58.png,167231,1,167231_0,0
3335,0_17711_6809CR.png,177110,0,177110_0,0
3355,3_13894_4797LV.png,138941,1,138941_3,0
3358,2_15000_6369V.png,150001,1,150001_2,0
3361,0_5589_916R.png,55890,0,55890_0,0
3381,1_16958_7065R.png,169580,0,169580_1,0
3401,1_13944_4854CR.png,139440,0,139440_1,0
3403,2_16615_3520_P18_65.png,166151,1,166151_2,0
3423,24_13903_4801HV.png,139031,1,139031_24,0
3427,13_14207_5252G28R.png,142070,0,142070_13,0
3429,3_15141_6397DR.png,151410,0,151410_3,0
3431,0_14207_5252G28R.png,142070,0,142070_0,0
3432,0_14736_6609A_2R.png,147360,0,147360_0,0
3436,0_8936_3562BV.png,89361,1,89361_0,0
3456,0_14134_5188DR.png,141340,0,141340_0,0
3476,14_14069_4948V.png,140691,1,140691_14,0
3490,8_14103_5065CR.png,141030,0,141030_8,0
3495,1_14284_5440BV.png,142841,1,142841_1,0
3497,0_18586_5925Z32R.png,185860,0,185860_0,0
3517,4_14069_4948V.png,140691,1,140691_4,0
3522,7_13933_4833BV.png,139331,1,139331_7,0
3537,1_13905_4801KV.png,139051,1,139051_1,0
3541,1_13682_4524HR.png,136820,0,136820_1,0
3561,1_16708_3520_P27_54.png,167081,1,167081_1,0
3581,1_14640_6219CR.png,146400,0,146400_1,0
3583,2_16756_5842AR.png,167560,0,167560_2,0
3589,5_13913_4807AR.png,139130,0,139130_5,0
3590,2_12703_4419DV.png,127031,1,127031_2,0
3604,1_12536_4404ZR.png,125360,0,125360_1,0
3608,1_13398_4492GR.png,133980,0,133980_1,0
3613,0_12202_4279HR.png,122020,0,122020_0,0
3633,2_14727_6613R.png,147270,0,147270_2,0
3653,0_17095_5910Z3V.png,170951,1,170951_0,0
3673,1_8585_2141R.png,85850,0,85850_1,0
3686,13_13933_4833BV.png,139331,1,139331_13,0
3690,0_5227_485V.png,52271,1,52271_0,0
3710,0_18302_7089R.png,183020,0,183020_0,0
3730,1_13924_4816BR.png,139240,0,139240_1,0
3739,3_13980_4877ER.png,139800,0,139800_3,0
3752,0_14742_6606R.png,147420,0,147420_0,0
3772,6_17712_6809DV.png,177121,1,177121_6,0
3792,1_13414_4494FR.png,134140,0,134140_1,0
3797,1_17517_6772FV.png,175171,1,175171_1,0
3817,0_13826_4727ER.png,138260,0,138260_0,0
3822,0_8422_401DR.png,84220,0,84220_0,0
3842,0_18271_5838QR.png,182710,0,182710_0,0
3852,1_16651_3520_P29_52.png,166511,1,166511_1,0
3872,1_11462_4148AR.png,114620,0,114620_1,0
3892,1_13494_4502LR.png,134940,0,134940_1,0
3901,3_13649_4521EV.png,136491,1,136491_3,0
3907,0_13979_4877DV.png,139791,1,139791_0,0
3915,0_16849_5869Z7R.png,168490,0,168490_0,0
3921,2_13931_4816EV.png,139311,1,139311_2,0
3926,3_14080_4984BV.png,140801,1,140801_3,0
3934,0_13394_4492DR.png,133940,0,133940_0,0
3951,3_4660_1835R.png,46600,0,46600_3,0
3971,1_5239_505R.png,52390,0,52390_1,0
3991,2_17854_6936V.png,178541,1,178541_2,0
4003,5_14138_5188GV.png,141381,1,141381_5,0
4011,1_13917_4807EV.png,139171,1,139171_1,0
4023,1_12782_4426GR.png,127820,0,127820_1,0
4042,2_16801_5864CR.png,168010,0,168010_2,0
4043,0_10758_4097Z26R.png,107580,0,107580_0,0
4056,29_14016_4914BR.png,140160,0,140160_29,0
4072,17_14016_4914BR.png,140160,0,140160_17,0
4082,2_16620_3520_P16_67.png,166201,1,166201_2,0
4102,4_13930_4816DR.png,139300,0,139300_4,0
4118,2_4363_4024R_4027AR.png,43630,0,43630_2,0
4138,2_17109_5910Z11R.png,171090,0,171090_2,0
4141,1_10980_4110AR.png,109800,0,109800_1,0
4157,3_14082_5008AR.png,140820,0,140820_3,0
4160,0_9876_3427R_6.png,98760,0,98760_0,0
4180,2_13886_4797EV.png,138861,1,138861_2,0
4200,1_13535_4506BR.png,135350,0,135350_1,0
4220,1_12804_4419DR.png,128040,0,128040_1,0
4236,1_13885_4797DV.png,138851,1,138851_1,0
4244,1_4444_4963R.png,44440,0,44440_1,0
4264,3_14016_4914BR.png,140160,0,140160_3,0
4268,11_14138_5188GV.png,141381,1,141381_11,0
4269,1_10295_3830V.png,102951,1,102951_1,0
4275,1_9309_2566R.png,93090,0,93090_1,0
4289,3_16599_3520_P38_43.png,165991,1,165991_3,0
4296,9_14062_4944AV.png,140621,1,140621_9,0
4298,0_17639_6794BR.png,176390,0,176390_0,0
4311,1_2323_4807DR.png,23230,0,23230_1,0
4331,4_12806_4419DV.png,128061,1,128061_4,0
4341,0_10945_4107IV.png,109451,1,109451_0,0
4361,1_12441_3942R.png,124410,0,124410_1,0
4373,1_13071_4456BV.png,130711,1,130711_1,0
4393,3_11701_4169ER.png,117010,0,117010_3,0
4402,0_13960_4873DV.png,139601,1,139601_0,0
4403,0_17611_6777FR.png,176110,0,176110_0,0
4423,1_17693_6808UV.png,176931,1,176931_1,0
4443,0_8872_3538R.png,88720,0,88720_0,0
4463,3_13916_4807DV.png,139161,1,139161_3,0
4483,3_13799_4715ER.png,137990,0,137990_3,0
4503,0_9876_3427R_16.png,98760,0,98760_0,0
4523,3_17712_6809DV.png,177121,1,177121_3,0
4526,0_14100_5033E2R.png,141000,0,141000_0,0
4537,4_13924_4816BR.png,139240,0,139240_4,0
4538,1_18132_7026R.png,181320,0,181320_1,0
4558,9_14103_5065CV.png,141031,1,141031_9,0
4571,0_14284_5440BR.png,142840,0,142840_0,0
4574,9_13969_4874DV.png,139691,1,139691_9,0
4575,0_15169_6400R.png,151690,0,151690_0,0
4595,4_4363_4024R_4027AR.png,43630,0,43630_4,0
4605,1_10020_6956ABR.png,100200,0,100200_1,0
4625,9_13914_4807BR.png,139140,0,139140_9,0
4628,2_16617_3520_P17_66.png,166171,1,166171_2,0
4648,1_9876_3427R_3.png,98760,0,98760_1,0
4668,0_12810_4432AR.png,128100,0,128100_0,0
4688,2_12796_4430GV.png,127961,1,127961_2,0
4703,0_14165_5246BR.png,141650,0,141650_0,0
4723,0_13919_4807GV.png,139191,1,139191_0,0
4743,0_14640_6219CV.png,146401,1,146401_0,0
4763,1_9312_2568V.png,93121,1,93121_1,0
4783,3_14754_6605HV.png,147541,1,147541_3,0
4790,0_12615_4409EV.png,126151,1,126151_0,0
4810,10_13905_4801KV.png,139051,1,139051_10,0
4817,1_12022_4375R.png,120220,0,120220_1,0
4830,2_13980_4877EV.png,139801,1,139801_2,0
4838,2_14740_6607BR.png,147400,0,147400_2,0
4841,2_13918_4807FV.png,139181,1,139181_2,0
4844,2_13933_4833BV.png,139331,1,139331_2,0
4848,0_16217_5576FR.png,162170,0,162170_0,0
4859,0_17852_6933R.png,178520,0,178520_0,0
4879,1_12673_4417AR.png,126730,0,126730_1,0
4899,0_13489_4502IV.png,134891,1,134891_0,0
4919,15_14207_5252G28R.png,142070,0,142070_15,0
4921,2_17654_6804AR.png,176540,0,176540_2,0
4941,6_14207_5252G28R.png,142070,0,142070_6,0
4943,21_13903_4801HV.png,139031,1,139031_21,0
4951,4_13944_4854CR.png,139440,0,139440_4,0
4971,1_13866_4761A1V.png,138661,1,138661_1,0
4973,6_13894_4797LV.png,138941,1,138941_6,0
4974,0_13985_4888R.png,139850,0,139850_0,0
4994,0_17121_5926BR.png,171210,0,171210_0,0
4997,1_2218_4526C1V.png,22181,1,22181_1,0
5017,0_11524_4152AR.png,115240,0,115240_0,0
5037,1_8827_2091V.png,88271,1,88271_1,0
5057,0_13913_4807AR.png,139130,0,139130_0,0
5077,3_17122_5926CR.png,171220,0,171220_3,0
5078,1_17857_6940R.png,178570,0,178570_1,0
5098,0_13094_4458BV.png,130941,1,130941_0,0
5118,18_14207_5252G28R.png,142070,0,142070_18,0
5122,4_13905_4801KV.png,139051,1,139051_4,0
5125,1_13797_4715CV.png,137971,1,137971_1,0
5136,14_14138_5188GV.png,141381,1,141381_14,0
5139,6_14016_4914BR.png,140160,0,140160_6,0
5143,2_14738_6609CR.png,147380,0,147380_2,0
5151,2_8872_3538R.png,88720,0,88720_2,0
5152,3_15168_6399R.png,151680,0,151680_3,0
5155,4_12804_4419DR.png,128040,0,128040_4,0
5169,4_13885_4797DV.png,138851,1,138851_4,0
5189,3_4444_4963R.png,44440,0,44440_3,0
5207,1_14114_5121ER.png,141140,0,141140_1,0
5214,1_17899_6985V.png,178991,1,178991_1,0
5234,0_12845_4433SV.png,128451,1,128451_0,0
5239,2_12195_4279CV.png,121951,1,121951_2,0
5259,0_9380_2617V.png,93801,1,93801_0,0
5279,5_13960_4873DV.png,139601,1,139601_5,0
5284,0_10980_4110AV.png,109801,1,109801_0,0
5304,6_11701_4169ER.png,117010,0,117010_6,0
5306,1_10260_3796R1.png,102600,0,102600_1,0
5325,1_16793_5855FV.png,167931,1,167931_1,0
5340,2_13896_4801AR.png,138960,0,138960_2,0
5353,1_12806_4419DV.png,128061,1,128061_1,0
5369,0_18532_7205V.png,185321,1,185321_0,0
5378,12_14016_4914BR.png,140160,0,140160_12,0
5384,2_14948_6575R.png,149480,0,149480_2,0
5404,0_13378_4491CR.png,133780,0,133780_0,0
5424,0_10775_4098KV.png,107751,1,107751_0,0
5444,0_12404_3936CV.png,124041,1,124041_0,0
5464,4_13917_4807EV.png,139171,1,139171_4,0
5475,0_14138_5188GV.png,141381,1,141381_0,0
5482,2_17858_6941R.png,178580,0,178580_2,0
5501,1_8541_1254_56R.png,85410,0,85410_1,0
5503,1_16706_3520_P27_54.png,167061,1,167061_1,0
5523,1_9876_3427R_2.png,98760,0,98760_1,0
5543,7_13931_4816EV.png,139311,1,139311_7,0
5553,1_13968_4874CV.png,139681,1,139681_1,0
5573,4_17109_5910Z11R.png,171090,0,171090_4,0
5574,1_10945_4107IR.png,109450,0,109450_1,0
5579,1_4660_1835R.png,46600,0,46600_1,0
5599,1_13930_4816DR.png,139300,0,139300_1,0
5604,0_13600_4514BV.png,136001,1,136001_0,0
5624,0_5125_4207BR.png,51250,0,51250_0,0
5644,4_4009_1038R.png,40090,0,40090_4,0
5647,0_9876_3427R_17.png,98760,0,98760_0,0
5667,0_13915_4807CR.png,139150,0,139150_0,0
5669,0_14115_5121FR.png,141150,0,141150_0,0
5671,0_9876_3427R_15.png,98760,0,98760_0,0
5691,6_14103_5065CR.png,141030,0,141030_6,0
5704,9_13933_4833BV.png,139331,1,139331_9,0
5705,6_13923_4816AR.png,139230,0,139230_6,0
5711,3_14727_6613R.png,147270,0,147270_3,0
5725,1_14742_6606R.png,147420,0,147420_1,0
5745,14_13903_4801HV.png,139031,1,139031_14,0
5747,0_4956_397ER.png,49560,0,49560_0,0
5750,6_14742_6606V.png,147421,1,147421_6,0
5770,1_18302_7089R.png,183020,0,183020_1,0
5790,1_14170_5247B2R.png,141700,0,141700_1,0
5797,4_13875_4761FV.png,138751,1,138751_4,0
5806,2_4525_7031R.png,45250,0,45250_2,0
5824,1_17803_6828BR.png,178030,0,178030_1,0
5827,1_16650_3520_P29_52.png,166501,1,166501_1,0
5847,1_14163_5240GR.png,141630,0,141630_1,0
5849,1_8870_3536R.png,88700,0,88700_1,0
5869,1_12823_4433ER.png,128230,0,128230_1,0
5877,2_14103_5065CV.png,141031,1,141031_2,0
5878,1_13486_4502HR.png,134860,0,134860_1,0
5885,0_16958_7065R.png,169580,0,169580_0,0
5905,8_17712_6809DV.png,177121,1,177121_8,0
5907,12_14103_5065CR.png,141030,0,141030_12,0
5909,0_13903_4801HV.png,139031,1,139031_0,0
5912,3_11457_4147AR.png,114570,0,114570_3,0
5932,2_16636_3520_P31_50.png,166361,1,166361_2,0
5952,4_14868_6587AR.png,148680,0,148680_4,0
5958,0_8601_2152R.png,86010,0,86010_0,0
5978,2_13969_4874DV.png,139691,1,139691_2,0
5979,15_14069_4948V.png,140691,1,140691_15,0
5985,5_14069_4948V.png,140691,1,140691_5,0
5987,0_10781_4098QR.png,107810,0,107810_0,0
6007,3_15108_6392DR.png,151080,0,151080_3,0
6010,2_13914_4807BR.png,139140,0,139140_2,0
6013,0_13628_4518BV.png,136281,1,136281_0,0
6033,0_13596_4513DR.png,135960,0,135960_0,0
6053,1_4950_398AV.png,49501,1,49501_1,0
6073,0_11556_4154IR.png,115560,0,115560_0,0
6093,7_13922_4814BR.png,139220,0,139220_7,0
6100,1_10103_3582BR.png,101030,0,101030_1,0
6120,1_13524_4505CR.png,135240,0,135240_1,0
6140,0_12831_4433LR.png,128310,0,128310_0,0
6151,0_10053_3567BR.png,100530,0,100530_0,0
6160,2_4009_1038V.png,40091,1,40091_2,0
6166,19_14016_4914BR.png,140160,0,140160_19,0
6174,27_14016_4914BR.png,140160,0,140160_27,0
6178,5_14137_5188FV.png,141371,1,141371_5,0
6184,0_10295_3830V.png,102951,1,102951_0,0
6187,2_16618_3520_P17_66.png,166181,1,166181_2,0
6207,1_13899_4801DV.png,138991,1,138991_1,0
6227,0_14722_6611BV.png,147221,1,147221_0,0
6232,0_13013_4448ER.png,130130,0,130130_0,0
6252,4_4444_4963R.png,44440,0,44440_4,0
6258,0_12441_3942R.png,124410,0,124410_0,0
6278,0_18418_7169V.png,184181,1,184181_0,0
6288,0_2323_4807DR.png,23230,0,23230_0,0
6308,0_13247_4467RR.png,132470,0,132470_0,0
6328,1_16840_5869WR.png,168400,0,168400_1,0
6336,0_17581_6774ER.png,175810,0,175810_0,0
6348,2_13966_4874BV.png,139661,1,139661_2,0
6368,1_13975_4877AR.png,139750,0,139750_1,0
6388,1_10260_3796R2.png,102600,0,102600_1,0
6390,0_4636_4964R.png,46360,0,46360_0,0
6410,0_16712_3520_P12_71.png,167121,1,167121_0,0
6430,3_4009_1038R.png,40090,0,40090_3,0
6434,3_17854_6936V.png,178541,1,178541_3,0
6442,11_14081_5006BV.png,140811,1,140811_11,0
6451,21_14138_5188GV.png,141381,1,141381_21,0
6463,0_12152_4275OR.png,121520,0,121520_0,0
6475,1_15157_6397TV.png,151571,1,151571_1,0
6485,5_14148_5191BR.png,141480,0,141480_5,0
6488,5_13899_4801DR.png,138990,0,138990_5,0
6508,2_15216_6412DV.png,152161,1,152161_2,0
6514,4_13920_4807HR.png,139200,0,139200_4,0
6533,2_13877_4761HR.png,138770,0,138770_2,0
6535,3_13946_4857AV.png,139461,1,139461_3,0
6539,3_12712_4420DV.png,127121,1,127121_3,0
6559,1_11018_4112MR.png,110180,0,110180_1,0
6579,0_14085_5031BR.png,140850,0,140850_0,0
6599,2_16629_3520_P22_59.png,166291,1,166291_2,0
6619,1_16601_3520_P37_44.png,166011,1,166011_1,0
6639,0_9876_3427R_14.png,98760,0,98760_0,0
6659,1_13382_4491DR.png,133820,0,133820_1,0
6679,1_4636_4964R.png,46360,0,46360_1,0
6699,1_16726_3520_P34_47.png,167261,1,167261_1,0
6719,1_13647_4521ER.png,136470,0,136470_1,0
6739,1_14100_5033E2R.png,141000,0,141000_1,0
6758,1_13382_4491DV.png,133821,1,133821_1,0
6778,0_16606_3520_P36_45.png,166061,1,166061_0,0
6798,2_14723_6611CR.png,147230,0,147230_2,0
6818,0_9876_3427R_10.png,98760,0,98760_0,0
6838,1_17711_6809CR.png,177110,0,177110_1,0
6858,10_14085_5031BR.png,140850,0,140850_10,0
6871,0_10020_6956ABR.png,100200,0,100200_0,0
6891,2_15216_6412DR.png,152160,0,152160_2,0
6897,5_4444_4963R.png,44440,0,44440_5,0
6902,5_13899_4801DV.png,138991,1,138991_5,0
6909,2_4952_398CR.png,49520,0,49520_2,0
6929,0_12907_4437EV.png,129071,1,129071_0,0
6930,1_15157_6397TR.png,151570,0,151570_1,0
6938,23_14016_4914BR.png,140160,0,140160_23,0
6949,0_13040_4452AV.png,130401,1,130401_0,0
6969,1_14137_5188FV.png,141371,1,141371_1,0
6971,1_14081_5006BV.png,140811,1,140811_1,0
6973,3_14062_4944AV.png,140621,1,140621_3,0
6978,1_13039_4452AR.png,130390,0,130390_1,0
6980,0_14022_4919R.png,140220,0,140220_0,0
7000,0_13421_4495FR.png,134210,0,134210_0,0
7020,0_13866_4761A1V.png,138661,1,138661_0,0
7037,0_13247_4467RV.png,132470,0,132470_0,0
7057,0_17713_6818AR.png,177130,0,177130_0,0
7075,4_14085_5031BR.png,140850,0,140850_4,0
7082,1_13899_4801DR.png,138990,0,138990_1,0
7102,0_13920_4807HR.png,139200,0,139200_0,0
7111,1_18631_5869Z45R.png,186310,0,186310_1,0
7123,1_14148_5191BR.png,141480,0,141480_1,0
7133,1_15197_6409DR.png,151970,0,151970_1,0
7147,3_13589_4512CV.png,135891,1,135891_3,0
7167,2_15090_6391IR.png,150900,0,150900_2,0
7169,1_4508_6712V.png,45081,1,45081_1,0
7189,15_14081_5006BV.png,140811,1,140811_15,0
7191,9_14016_4914BR.png,140160,0,140160_9,0
7194,0_12896_4436GV.png,128961,1,128961_0,0
7214,25_14138_5188GV.png,141381,1,141381_25,0
7217,2_4009_1038R.png,40090,0,40090_2,0
7221,0_8870_3536R.png,88700,0,88700_0,0
7241,5_14163_5240GR.png,141630,0,141630_5,0
7242,1_4491_6281AR.png,44910,0,44910_1,0
7248,2_11980_4346R.png,119800,0,119800_2,0
7268,1_4216_6722VO.png,42161,1,42161_1,0
7276,1_12983_4445AR.png,129830,0,129830_1,0
7296,0_13875_4761FV.png,138751,1,138751_0,0
7311,2_14289_5451ER.png,142890,0,142890_2,0
7331,1_18165_5894V.png,181651,1,181651_1,0
7341,0_13596_4513DV.png,135961,1,135961_0,0
7361,2_14069_4948V.png,140691,1,140691_2,0
7363,1_15226_6413FV.png,152261,1,152261_1,0
7366,12_14069_4948V.png,140691,1,140691_12,0
7372,1_4956_397ER.png,49560,0,49560_1,0
7392,9_13894_4797LV.png,138941,1,138941_9,0
7395,0_15632_6988R.png,156320,0,156320_0,0
7415,12_13969_4874DV.png,139691,1,139691_12,0
7416,3_17077_5910KR.png,170770,0,170770_3,0
7429,10_13903_4801HV.png,139031,1,139031_10,0
7434,2_2826_6369V.png,28261,1,28261_2,0
7437,4_13915_4807CR.png,139150,0,139150_4,0
7438,2_14103_5065CR.png,141030,0,141030_2,0
7440,4_14115_5121FR.png,141150,0,141150_4,0
7442,12_14103_5065CV.png,141031,1,141031_12,0
7443,2_13923_4816AR.png,139230,0,139230_2,0
7445,0_16617_3520_P17_66.png,166171,1,166171_0,0
7465,0_12017_4369R.png,120170,0,120170_0,0
7485,0_11889_4208FV.png,118891,1,118891_0,0
7494,1_13971_4876BR.png,139710,0,139710_1,0
7507,3_13922_4814BR.png,139220,0,139220_3,0
7512,1_15434_4447BR.png,154340,0,154340_1,0
7531,0_4950_398AV.png,49501,1,49501_0,0
7551,1_11467_4148FR.png,114670,0,114670_1,0
7563,1_9876_3427R_4.png,98760,0,98760_1,0
7583,2_14084_5028BR.png,140840,0,140840_2,0
7585,0_8541_1254_56R.png,85410,0,85410_0,0
7587,4_13628_4518BV.png,136281,1,136281_4,0
7607,6_13914_4807BR.png,139140,0,139140_6,0
7621,4_13903_4801HV.png,139031,1,139031_4,0
7622,1_14742_6606V.png,147421,1,147421_1,0
7642,1_8601_2152R.png,86010,0,86010_1,0
7662,2_13978_4877CV.png,139781,1,139781_2,0
7682,0_14868_6587AR.png,148680,0,148680_0,0
7702,6_14742_6606R.png,147420,0,147420_6,0
7705,1_8914_3554BR.png,89140,0,89140_1,0
7724,6_14103_5065CV.png,141031,1,141031_6,0
7731,2_18139_7042R.png,181390,0,181390_2,0
7741,10_13915_4807CR.png,139150,0,139150_10,0
7743,1_10945_4107IV.png,109451,1,109451_1,0
7750,2_16725_3520_P34_47.png,167251,1,167251_2,0
7770,0_9876_3427R_13.png,98760,0,98760_0,0
7790,0_16618_3520_P17_66.png,166181,1,166181_0,0
7810,8_14062_4944AV.png,140621,1,140621_8,0
7813,1_17639_6794BR.png,176390,0,176390_1,0
7826,2_13916_4807DV.png,139161,1,139161_2,0
7831,2_9309_2566R.png,93090,0,93090_2,0
7839,1_9380_2617V.png,93801,1,93801_1,0
7841,1_17611_6777FR.png,176110,0,176110_1,0
7861,2_12771_4428ER.png,127710,0,127710_2,0
7881,0_17693_6808UV.png,176931,1,176931_0,0
7901,2_4444_4963R.png,44440,0,44440_2,0
7921,1_13337_4483R.png,133370,0,133370_1,0
7937,0_13071_4456BV.png,130711,1,130711_0,0
7957,2_11701_4169ER.png,117010,0,117010_2,0
7967,1_13960_4873DV.png,139601,1,139601_1,0
7968,0_12804_4419DR.png,128040,0,128040_0,0
7988,0_13535_4506BR.png,135350,0,135350_0,0
8008,0_13885_4797DV.png,138851,1,138851_0,0
8018,0_15617_6978R.png,156170,0,156170_0,0
8038,2_14082_5008AR.png,140820,0,140820_2,0
8041,0_14170_5247B2R.png,141700,0,141700_0,0
8052,3_13886_4797EV.png,138861,1,138861_3,0
8066,1_16634_3520_P32_49.png,166341,1,166341_1,0
8086,0_3410_6653AR.png,34100,0,34100_0,0
8106,10_14138_5188GV.png,141381,1,141381_10,0
8108,0_18532_7205R.png,185320,0,185320_0,0
8117,2_14016_4914BR.png,140160,0,140160_2,0
8121,1_14076_4957R.png,140760,0,140760_1,0
8133,5_13930_4816DR.png,139300,0,139300_5,0
8136,2_4425_4797AR.png,44250,0,44250_2,0
8141,0_4660_1835R.png,46600,0,46600_0,0
8150,2_17095_5910Z3V.png,170951,1,170951_2,0
8154,0_10980_4110AR.png,109800,0,109800_0,0
8174,2_14080_4984BV.png,140801,1,140801_2,0
8192,0_16629_3520_P22_59.png,166291,1,166291_0,0
8212,3_13931_4816EV.png,139311,1,139311_3,0
8232,1_13394_4492DR.png,133940,0,133940_1,0
8250,3_16601_3520_P37_44.png,166011,1,166011_3,0
8257,0_13494_4502LR.png,134940,0,134940_0,0
8277,2_13649_4521EV.png,136491,1,136491_2,0
8278,1_13979_4877DV.png,139791,1,139791_1,0
8285,28_14016_4914BR.png,140160,0,140160_28,0
8291,16_14016_4914BR.png,140160,0,140160_16,0
8294,2_17578_6774CV.png,175781,1,175781_2,0
8308,4_15168_6399R.png,151680,0,151680_4,0
8328,3_16801_5864CR.png,168010,0,168010_3,0
8332,0_4188_5615VO.png,41881,1,41881_0,0
8352,0_12782_4426GR.png,127820,0,127820_0,0
8372,4_14138_5188GV.png,141381,1,141381_4,0
8374,0_13917_4807EV.png,139171,1,139171_0,0
8394,1_17857_6940V.png,178571,1,178571_1,0
8414,1_13826_4727ER.png,138260,0,138260_1,0
8425,0_9312_2568V.png,93121,1,93121_0,0
8445,0_17517_6772FV.png,175171,1,175171_0,0
8465,8_13922_4814BR.png,139220,0,139220_8,0
8471,2_4363_4027AR.png,43630,0,43630_2,0
8477,1_18271_5838QR.png,182710,0,182710_1,0
8497,2_16849_5869Z7R.png,168490,0,168490_2,0
8511,1_14005_4899R.png,140050,0,140050_1,0
8518,1_12202_4279HR.png,122020,0,122020_1,0
8538,1_18136_7034R.png,181360,0,181360_1,0
8558,0_16716_3520_P61.png,167161,1,167161_0,0
8578,0_13398_4492GR.png,133980,0,133980_0,0
8586,7_17712_6809DV.png,177121,1,177121_7,0
8606,0_13414_4494FR.png,134140,0,134140_0,0
8626,2_13980_4877ER.png,139800,0,139800_2,0
8636,0_13924_4816BR.png,139240,0,139240_0,0
8639,2_14149_5195R.png,141490,0,141490_2,0
8640,12_13933_4833BV.png,139331,1,139331_12,0
8642,0_4216_6722RA.png,42160,0,42160_0,0
8653,12_14070_4949R.png,140700,0,140700_12,0
8656,0_14640_6219CR.png,146400,0,146400_0,0
8676,2_14070_4949R.png,140700,0,140700_2,0
8680,0_13682_4524HR.png,136820,0,136820_0,0
8700,1_18641_2151R.png,186410,0,186410_1,0
8720,0_13905_4801KV.png,139051,1,139051_0,0
8740,8_14207_5252G28R.png,142070,0,142070_8,0
8744,0_8827_2091V.png,88271,1,88271_0,0
8764,1_9876_3427R_7.png,98760,0,98760_1,0
8784,2_10253_3784IV.png,102531,1,102531_2,0
8786,3_12703_4419DV.png,127031,1,127031_3,0
8800,0_12536_4404ZR.png,125360,0,125360_0,0
8805,2_15141_6397DR.png,151410,0,151410_2,0
8815,0_13944_4854CR.png,139440,0,139440_0,0
8828,2_13894_4797LV.png,138941,1,138941_2,0
8843,0_9876_3427R_12.png,98760,0,98760_0,0
8863,6_13918_4807FV.png,139181,1,139181_6,0
8869,6_13933_4833BV.png,139331,1,139331_6,0
8870,5_14207_5252G28R.png,142070,0,142070_5,0
8873,0_14284_5440BV.png,142841,1,142841_0,0
8877,9_14103_5065CR.png,141030,0,141030_9,0
8889,1_18132_7026V.png,181321,1,181321_1,0
8909,0_12110_4254V.png,121101,1,121101_0,0
8929,0_16648_3520_P30_51.png,166481,1,166481_0,0
8949,1_14134_5188DR.png,141340,0,141340_1,0
8952,16_14207_5252G28R.png,142070,0,142070_16,0
8953,2_14163_5240GR.png,141630,0,141630_2,0
8961,2_17803_6828BR.png,178030,0,178030_2,0
8966,1_14072_4950V.png,140721,1,140721_1,0
8968,0_16631_3520_P21_60.png,166311,1,166311_0,0
8988,1_14151_5212R.png,141510,0,141510_1,0
8999,1_15168_6399R.png,151680,0,151680_1,0
9016,11_15168_6399R.png,151680,0,151680_11,0
9021,0_18531_7205V.png,185311,1,185311_0,0
9030,0_18607_5838Z2R.png,186070,0,186070_0,0
9039,0_13021_4438IV.png,130211,1,130211_0,0
9057,0_10786_4100AR.png,107860,0,107860_0,0
9077,2_3040_6950R.png,30400,0,30400_2,0
9095,0_16791_5855ER.png,167910,0,167910_0,0
9115,17_13903_4801HV.png,139031,1,139031_17,0
9135,3_14115_5121FR.png,141150,0,141150_3,0
9138,1_16956_7063V.png,169561,1,169561_1,0
9146,5_14103_5065CR.png,141030,0,141030_5,0
9152,3_13915_4807CR.png,139150,0,139150_3,0
9157,0_18135_7033V.png,181351,1,181351_0,0
9177,5_13923_4816AR.png,139230,0,139230_5,0
9183,0_18313_7098V.png,183131,1,183131_0,0
9203,0_17858_6941R.png,178580,0,178580_0,0
9223,2_10103_3582BR.png,101030,0,101030_2,0
9243,0_14622_6214ER.png,146220,0,146220_0,0
9260,0_9775_3317R1.png,97750,0,97750_0,0
9280,0_14948_6575R.png,149480,0,149480_0,0
9300,4_14076_4957R.png,140760,0,140760_4,0
9305,1_13914_4807BR.png,139140,0,139140_1,0
9314,0_15108_6392DR.png,151080,0,151080_0,0
9324,0_8317_6398FR.png,83170,0,83170_0,0
9344,1_4363_4024R_4027AR.png,43630,0,43630_1,0
9364,0_9726_3263R2.png,97260,0,97260_0,0
9384,1_13969_4874DV.png,139691,1,139691_1,0
9386,1_2217_4526B2R.png,22170,0,22170_1,0
9406,5_13978_4877CV.png,139781,1,139781_5,0
9420,0_2543_5768R.png,25430,0,25430_0,0
9440,1_4216_6722VA.png,42161,1,42161_1,0
9441,1_16620_3520_P16_67.png,166201,1,166201_1,0
9461,1_14103_5065CV.png,141031,1,141031_1,0
9464,0_12405_3936DV.png,124051,1,124051_0,0
9484,11_14103_5065CR.png,141030,0,141030_11,0
9489,8_14069_4948V.png,140691,1,140691_8,0
9509,1_17112_5914R.png,171120,0,171120_1,0
9516,2_13975_4877AR.png,139750,0,139750_2,0
9517,1_13966_4874BV.png,139661,1,139661_1,0
9520,2_15169_6400R.png,151690,0,151690_2,0
9522,1_2173_42444AVA.png,21731,1,21731_1,0
9524,1_4615_1371V.png,46151,1,46151_1,0
9544,0_4954_397CR.png,49540,0,49540_0,0
9564,1_12439_3941DR.png,124390,0,124390_1,0
9584,0_13422_4495GV.png,134221,1,134221_0,0
9595,1_14008_4904AR.png,140080,0,140080_1,0
9615,2_13899_4801DV.png,138991,1,138991_2,0
9627,5_15216_6412DR.png,152160,0,152160_5,0
9629,4_18641_2151R.png,186410,0,186410_4,0
9644,0_6010_1253_28R.png,60100,0,60100_0,0
9646,7_14070_4949R.png,140700,0,140700_7,0
9666,2_16608_3520_P35_46.png,166081,1,166081_2,0
9686,0_17577_6774CR.png,175770,0,175770_0,0
9706,8_14138_5188GV.png,141381,1,141381_8,0
9707,6_14081_5006BV.png,140811,1,140811_6,0
9708,6_14137_5188FV.png,141371,1,141371_6,0
9711,24_14016_4914BR.png,140160,0,140160_24,0
9716,1_17117_5921R.png,171170,0,171170_1,0
9736,0_13274_4470BR.png,132740,0,132740_0,0
9752,4_14062_4944AV.png,140621,1,140621_4,0
9753,2_13382_4491DR.png,133820,0,133820_2,0
9772,0_15290_6417BV.png,152901,1,152901_0,0
9792,1_16615_3520_P18_65.png,166151,1,166151_1,0
9812,0_12712_4420DV.png,127121,1,127121_0,0
9832,0_13946_4857AV.png,139461,1,139461_0,0
9851,1_1442_1454V.png,14421,1,14421_1,0
9871,1_17936_6719R.png,179360,0,179360_1,0
9891,3_14085_5031BR.png,140850,0,140850_3,0
9894,1_9369_2609R.png,93690,0,93690_1,0
9912,6_14148_5191BR.png,141480,0,141480_6,0
9917,7_13920_4807HR.png,139200,0,139200_7,0
9919,1_15216_6412DV.png,152161,1,152161_1,0
9923,3_17857_6940R.png,178570,0,178570_3,0
9939,6_13899_4801DR.png,138990,0,138990_6,0
9945,4_13589_4512CV.png,135891,1,135891_4,0
9965,1_13877_4761HR.png,138770,0,138770_1,0
9980,12_14081_5006BV.png,140811,1,140811_12,0
9985,0_12955_4442ER.png,129550,0,129550_0,0
10005,0_9876_3427R_22.png,98760,0,98760_0,0
10025,0_18631_5869Z45R.png,186310,0,186310_0,0
10045,1_16649_3520_P30_51.png,166491,1,166491_1,0
10065,0_15289_6417BR.png,152890,0,152890_0,0
10085,22_14138_5188GV.png,141381,1,141381_22,0
10088,13_13905_4801KV.png,139051,1,139051_13,0
10091,0_9876_3427R_20.png,98760,0,98760_0,0
10111,0_15084_6391CR.png,150840,0,150840_0,0
10131,30_14016_4914BR.png,140160,0,140160_30,0
10141,0_14754_6605HV.png,147541,1,147541_0,0
10161,1_13488_4502IR.png,134880,0,134880_1,0
10165,0_15137_6396QR.png,151370,0,151370_0,0
10179,5_3040_6950R.png,30400,0,30400_5,0
10181,1_12796_4430GV.png,127961,1,127961_1,0
10201,8_14070_4949R.png,140700,0,140700_8,0
10209,3_13919_4807GV.png,139191,1,139191_3,0
10223,11_13894_4797LV.png,138941,1,138941_11,0
10225,0_16626_3520_P3.png,166261,1,166261_0,0
10245,1_15196_6409CV.png,151961,1,151961_1,0
10259,8_13903_4801HV.png,139031,1,139031_8,0
10262,0_16710_3520_P12_71.png,167101,1,167101_0,0
10282,0_13564_4510AV.png,135641,1,135641_0,0
10294,1_16716_3520_P61.png,167161,1,167161_1,0
10314,0_17047_5831V.png,170471,1,170471_0,0
10317,0_13799_4715ER.png,137990,0,137990_0,0
10337,0_17712_6809DV.png,177121,1,177121_0,0
10345,2_12441_3942R.png,124410,0,124410_2,0
10365,1_11113_4121NV.png,111131,1,111131_1,0
10377,0_4216_6722RO.png,42160,0,42160_0,0
10397,7_13924_4816BR.png,139240,0,139240_7,0
10401,2_2323_4807DR.png,23230,0,23230_2,0
10406,0_13543_4507FR.png,135430,0,135430_0,0
10426,7_13905_4801KV.png,139051,1,139051_7,0
10428,9_14207_5252G28R.png,142070,0,142070_9,0
10431,0_9775_3317R2.png,97750,0,97750_0,0
10451,2_2218_4526C1V.png,22181,1,22181_2,0
10471,1_14118_5143CR1.png,141180,0,141180_1,0
10480,1_17854_6936V.png,178541,1,178541_1,0
10493,0_17122_5926CR.png,171220,0,171220_0,0
10495,2_5304_560DR.png,53040,0,53040_2,0
10498,3_13913_4807AR.png,139130,0,139130_3,0
10509,0_8421_401CR.png,84210,0,84210_0,0
10529,4_12703_4419DV.png,127031,1,127031_4,0
10539,1_17654_6804AR.png,176540,0,176540_1,0
10550,22_13903_4801HV.png,139031,1,139031_22,0
10555,4_14207_5252G28R.png,142070,0,142070_4,0
10563,17_14207_5252G28R.png,142070,0,142070_17,0
10565,0_9726_3263R1.png,97260,0,97260_0,0
10585,5_13894_4797LV.png,138941,1,138941_5,0
10596,0_13302_4472R.png,133020,0,133020_0,0
10616,1_13918_4807FV.png,139181,1,139181_1,0
10619,1_13087_4457HR.png,130870,0,130870_1,0
10624,1_13980_4877EV.png,139801,1,139801_1,0
10633,1_4458_5578_1V.png,44581,1,44581_1,0
10636,8_13915_4807CR.png,139150,0,139150_8,0
10641,0_10936_4106RR.png,109360,0,109360_0,0
10661,2_12806_4419DV.png,128061,1,128061_2,0
10675,2_16793_5855FV.png,167931,1,167931_2,0
10691,2_10260_3796R1.png,102600,0,102600_2,0
10711,1_2356_4965R.png,23560,0,23560_1,0
10731,1_13896_4801AR.png,138960,0,138960_1,0
10751,0_14086_5031C1R.png,140860,0,140860_0,0
10771,4_14742_6606V.png,147421,1,147421_4,0
10779,1_11152_4123NR.png,111520,0,111520_1,0
10799,1_12195_4279CV.png,121951,1,121951_1,0
10813,0_12051_4237QR.png,120510,0,120510_0,0
10833,0_9379_2617R.png,93790,0,93790_0,0
10853,8_14085_5031BR.png,140850,0,140850_8,0
10873,6_13960_4873DV.png,139601,1,139601_6,0
10877,5_11701_4169ER.png,117010,0,117010_5,0
10881,1_14727_6613R.png,147270,0,147270_1,0
10901,7_13885_4797DV.png,138851,1,138851_7,0
10904,4_13886_4797EV.png,138861,1,138861_4,0
10914,0_11131_4122RR.png,111310,0,111310_0,0
10932,0_11208_4126GR.png,112080,0,112080_0,0
10952,17_14138_5188GV.png,141381,1,141381_17,0
10955,2_13797_4715CV.png,137971,1,137971_2,0
10975,5_14016_4914BR.png,140160,0,140160_5,0
10979,1_14738_6609CR.png,147380,0,147380_1,0
10987,2_13930_4816DR.png,139300,0,139300_2,0
11007,0_5126_4207CR.png,51260,0,51260_0,0
11027,1_18301_7089R.png,183010,0,183010_1,0
11047,7_14069_4948V.png,140691,1,140691_7,0
11067,17_14069_4948V.png,140691,1,140691_17,0
11072,0_9370_2609V.png,93701,1,93701_0,0
11078,0_15488_3585RV.png,154880,0,154880_0,0
11098,1_15000_6369V.png,150001,1,150001_1,0
11118,0_4190_5610R.png,41900,0,41900_0,0
11138,2_16616_3520_P18_65.png,166161,1,166161_2,0
11158,1_18607_5838Z2V.png,186071,1,186071_1,0
11167,4_4491_6281AR.png,44910,0,44910_4,0
11176,0_13536_4506CV.png,135361,1,135361_0,0
11196,2_13968_4874CV.png,139681,1,139681_2,0
11204,4_13931_4816EV.png,139311,1,139311_4,0
11206,3_13378_4491CR.png,133780,0,133780_3,0
11212,4_16801_5864CR.png,168010,0,168010_4,0
11216,0_4309_3544R.png,43090,0,43090_0,0
11236,11_14016_4914BR.png,140160,0,140160_11,0
11245,1_12844_4433SR.png,128440,0,128440_1,0
11253,7_13917_4807EV.png,139171,1,139171_7,0
11273,3_14138_5188GV.png,141381,1,141381_3,0
11284,0_17371_6756AR.png,173710,0,173710_0,0
11304,0_9876_3427R_19.png,98760,0,98760_0,0
11324,13_14138_5188GV.png,141381,1,141381_13,0
11327,0_4309_3544V.png,43091,1,43091_0,0
11347,1_14016_4914BR.png,140160,0,140160_1,0
11354,1_18607_5838Z2R.png,186070,0,186070_1,0
11363,3_4491_6281AR.png,44910,0,44910_3,0
11374,3_13885_4797DV.png,138851,1,138851_3,0
11389,1_13090_4457KR.png,130900,0,130900_1,0
11403,3_12804_4419DR.png,128040,0,128040_3,0
11415,1_14082_5008AR.png,140820,0,140820_1,0
11429,0_13886_4797EV.png,138861,1,138861_0,0
11448,0_11980_4346R.png,119800,0,119800_0,0
11468,0_13536_4506CR.png,135360,0,135360_0,0
11488,0_15488_3585RR.png,154880,0,154880_0,0
11508,1_12771_4428ER.png,127710,0,127710_1,0
11528,1_13916_4807DV.png,139161,1,139161_1,0
11548,1_11701_4169ER.png,117010,0,117010_1,0
11568,0_16608_3520_P35_46.png,166081,1,166081_0,0
11588,3_13071_4456BV.png,130711,1,130711_3,0
11591,1_17612_6777FV.png,176121,1,176121_1,0
11611,2_13960_4873DV.png,139601,1,139601_2,0
11613,1_9379_2617R.png,93790,0,93790_1,0
11615,10_14069_4948V.png,140691,1,140691_10,0
11621,0_16651_3520_P29_52.png,166511,1,166511_0,0
11641,5_13896_4801AR.png,138960,0,138960_5,0
11659,1_17827_6844BR.png,178270,0,178270_1,0
11679,0_2356_4965R.png,23560,0,23560_0,0
11699,1_17578_6774CV.png,175781,1,175781_1,0
11719,0_15630_6994R.png,156300,0,156300_0,0
11739,0_16801_5864CR.png,168010,0,168010_0,0
11740,9_14137_5188FV.png,141371,1,141371_9,0
11743,15_14016_4914BR.png,140160,0,140160_15,0
11749,9_14081_5006BV.png,140811,1,140811_9,0
11750,7_14138_5188GV.png,141381,1,141381_7,0
11755,3_13917_4807EV.png,139171,1,139171_3,0
11765,1_17499_6771BR.png,174990,0,174990_1,0
11774,9_15168_6399R.png,151680,0,151680_9,0
11794,1_13649_4521EV.png,136491,1,136491_1,0
11796,2_13979_4877DV.png,139791,1,139791_2,0
11804,0_13931_4816EV.png,139311,1,139311_0,0
11806,0_13981_4878BV.png,139811,1,139811_0,0
11826,1_14080_4984BV.png,140801,1,140801_1,0
11828,0_11131_4122RV.png,111310,0,111310_0,0
11848,0_18139_7042R.png,181390,0,181390_0,0
11868,1_12195_4279CR.png,121950,0,121950_1,0
11888,0_16708_3520_P27_54.png,167081,1,167081_0,0
11908,1_9370_2609V.png,93701,1,93701_1,0
11924,0_10936_4106RV.png,109360,0,109360_0,0
11944,6_13930_4816DR.png,139300,0,139300_6,0
11951,4_14742_6606R.png,147420,0,147420_4,0
11959,0_13067_4455R.png,130670,0,130670_0,0
11979,1_4458_5578_1R.png,44580,0,44580_1,0
11981,1_13980_4877ER.png,139800,0,139800_1,0
11993,4_17712_6809DV.png,177121,1,177121_4,0
12013,0_2173_42444AVA.png,21731,1,21731_0,0
12017,0_12375_3929FR.png,123750,0,123750_0,0
12026,2_16631_3520_P21_60.png,166311,1,166311_2,0
12046,11_13933_4833BV.png,139331,1,139331_11,0
12050,0_12900_4436KR.png,129000,0,129000_0,0
12056,3_13924_4816BR.png,139240,0,139240_3,0
12076,0_18553_7219R.png,185530,0,185530_0,0
12079,4_3040_6950R.png,30400,0,30400_4,0
12092,3_11462_4148AR.png,114620,0,114620_3,0
12095,1_6010_1253_28R.png,60100,0,60100_1,0
12104,2_16599_3520_P38_43.png,165991,1,165991_2,0
12124,2_13826_4727ER.png,138260,0,138260_2,0
12139,0_10293_3828V.png,102931,1,102931_0,0
12159,4_14754_6605HV.png,147541,1,147541_4,0
12167,5_13933_4833BV.png,139331,1,139331_5,0
12171,5_13918_4807FV.png,139181,1,139181_5,0
12172,5_13980_4877EV.png,139801,1,139801_5,0
12182,14_14207_5252G28R.png,142070,0,142070_14,0
12190,10_17712_6809DV.png,177121,1,177121_10,0
12197,7_14207_5252G28R.png,142070,0,142070_7,0
12209,0_12491_4400AR.png,124910,0,124910_0,0
12229,1_15196_6409CR.png,151960,0,151960_1,0
12243,18_13903_4801HV.png,139031,1,139031_18,0
12248,1_15141_6397DR.png,151410,0,151410_1,0
12257,1_17516_6772FR.png,175160,0,175160_1,0
12277,1_13894_4797LV.png,138941,1,138941_1,0
12280,3_13944_4854CR.png,139440,0,139440_3,0
12289,1_10253_3784IV.png,102531,1,102531_1,0
12293,1_8421_401CR.png,84210,0,84210_1,0
12313,3_5304_560DR.png,53040,0,53040_3,0
12319,7_13913_4807AR.png,139130,0,139130_7,0
12339,1_12774_4429BR.png,127740,0,127740_1,0
12359,0_12703_4419DV.png,127031,1,127031_0,0
12379,1_13399_4492GV.png,133991,1,133991_1,0
12385,0_9876_3427R_24.png,98760,0,98760_0,0
12405,0_16756_5842AR.png,167560,0,167560_0,0
12415,3_4363_4024R_4027AR.png,43630,0,43630_3,0
12421,1_12847_4434CR.png,128470,0,128470_1,0
12423,3_13905_4801KV.png,139051,1,139051_3,0
12429,3_13682_4524HR.png,136820,0,136820_3,0
12432,0_9876_3427R_18.png,98760,0,98760_0,0
12452,1_13128_4460GR.png,131280,0,131280_1,0
12459,0_4363_4027AR.png,43630,0,43630_0,0
12479,2_14137_5188FV.png,141371,1,141371_2,0
12499,20_14016_4914BR.png,140160,0,140160_20,0
12510,2_14081_5006BV.png,140811,1,140811_2,0
12530,6_13899_4801DV.png,138991,1,138991_6,0
12545,1_15216_6412DR.png,152160,0,152160_1,0
12546,0_17952_6739V.png,179521,1,179521_0,0
12551,0_12570_4407AR.png,125700,0,125700_0,0
12571,1_12830_4433LR.png,128300,0,128300_1,0
12591,0_14149_5195R.png,141490,0,141490_0,0
12611,1_17936_6719V.png,179361,1,179361_1,0
12613,1_16626_3520_P3.png,166261,1,166261_1,0
12633,0_4615_1371V.png,46151,1,46151_0,0
12653,2_13647_4521ER.png,136470,0,136470_2,0
12655,1_4954_397CR.png,49540,0,49540_1,0
12675,1_14723_6611CR.png,147230,0,147230_1,0
12683,2_13382_4491DV.png,133821,1,133821_2,0
12703,0_13988_4891R.png,139880,0,139880_0,0
12723,2_8873_2121R.png,88730,0,88730_2,0
12727,0_16616_3520_P18_65.png,166161,1,166161_0,0
12747,1_17117_5921V.png,171171,1,171171_1,0
12767,18_14138_5188GV.png,141381,1,141381_18,0
12779,5_15216_6412DV.png,152161,1,152161_5,0
12781,3_13920_4807HR.png,139200,0,139200_3,0
12782,2_13899_4801DR.png,138990,0,138990_2,0
12789,0_14070_4949R.png,140700,0,140700_0,0
12794,2_14148_5191BR.png,141480,0,141480_2,0
12802,10_14070_4949R.png,140700,0,140700_10,0
12815,0_9369_2609R.png,93690,0,93690_0,0
12821,1_15090_6391IR.png,150900,0,150900_1,0
12829,8_13885_4797DV.png,138851,1,138851_8,0
12831,1_16019_3980CR.png,160190,0,160190_1,0
12849,3_18641_2151R.png,186410,0,186410_3,0
12869,0_14118_5143CR1.png,141180,0,141180_0,0
12889,0_13589_4512CV.png,135891,1,135891_0,0
12909,0_1442_1454V.png,14421,1,14421_0,0
12929,1_13406_4493FR.png,134060,0,134060_1,0
12931,7_14085_5031BR.png,140850,0,140850_7,0
12949,0_13422_4495GR.png,134220,0,134220_0,0
12960,2_12110_4254V.png,121101,1,121101_2,0
12980,1_12186_4276AV.png,121861,1,121861_1,0
13000,0_10665_4092CR.png,106650,0,106650_0,0
13020,0_14062_4944AV.png,140621,1,140621_0,0
13040,0_17352_6753FR.png,173520,0,173520_0,0
13060,1_14103_5065CR.png,141030,0,141030_1,0
13063,7_13915_4807CR.png,139150,0,139150_7,0
13073,1_14086_5031C1R.png,140860,0,140860_1,0
13093,0_12502_4402V.png,125021,1,125021_0,0
13113,1_13923_4816AR.png,139230,0,139230_1,0
13122,11_14103_5065CV.png,141031,1,141031_11,0
13126,11_13969_4874DV.png,139691,1,139691_11,0
13132,0_11716_4171GR.png,117160,0,117160_0,0
13133,1_11888_4208FR.png,118880,0,118880_1,0
13141,0_17077_5910KR.png,170770,0,170770_0,0
13151,3_3040_6950R.png,30400,0,30400_3,0
13160,13_13903_4801HV.png,139031,1,139031_13,0
13165,1_14289_5451ER.png,142890,0,142890_1,0
13174,2_3410_6653AR.png,34100,0,34100_2,0
13194,3_13875_4761FV.png,138751,1,138751_3,0
13197,0_16264_7041R.png,162640,0,162640_0,0
13217,3_14076_4957R.png,140760,0,140760_3,0
13222,6_14163_5240GR.png,141630,0,141630_6,0
13228,0_13001_4446FR.png,130010,0,130010_0,0
13248,8_13905_4801KV.png,139051,1,139051_8,0
13250,0_14083_5008BR.png,140830,0,140830_0,0
13255,0_14545_5722ER.png,145450,0,145450_0,0
13261,1_13371_4490DR.png,133710,0,133710_1,0
13272,5_14103_5065CV.png,141031,1,141031_5,0
13286,0_18313_7098R.png,183130,0,183130_0,0
13306,0_10651_4089AV.png,106511,1,106511_0,0
13326,0_11277_4129FR.png,112770,0,112770_0,0
13337,0_4425_4797AR.png,44250,0,44250_0,0
13357,4_11457_4147AR.png,114570,0,114570_4,0
13370,7_13903_4801HV.png,139031,1,139031_7,0
13384,1_11057_4115GR.png,110570,0,110570_1,0
13404,1_13978_4877CV.png,139781,1,139781_1,0
13412,3_14868_6587AR.png,148680,0,148680_3,0
13432,6_15168_6399R.png,151680,0,151680_6,0
13452,1_11830_4199FR.png,118300,0,118300_1,0
13465,0_18607_5838Z2V.png,186071,1,186071_0,0
13474,5_13914_4807BR.png,139140,0,139140_5,0
13483,7_13628_4518BV.png,136281,1,136281_7,0
13489,1_14084_5028BR.png,140840,0,140840_1,0
13494,2_13971_4876BR.png,139710,0,139710_2,0
13514,0_13922_4814BR.png,139220,0,139220_0,0
13520,0_13396_4492FR.png,133960,0,133960_0,0
13532,2_18607_5838Z2R.png,186070,0,186070_2,0
13552,0_14736_6609A_1R.png,147360,0,147360_0,0
13559,0_13877_4761HR.png,138770,0,138770_0,0
13561,0_15216_6412DV.png,152161,1,152161_0,0
13562,6_13920_4807HR.png,139200,0,139200_6,0
13566,1_15630_6994R.png,156300,0,156300_1,0
13586,7_13899_4801DR.png,138990,0,138990_7,0
13603,0_12208_4279MV.png,122081,1,122081_0,0
13623,2_13339_4484AR.png,133390,0,133390_2,0
13643,23_14138_5188GV.png,141381,1,141381_23,0
13646,2_12152_4275OR.png,121520,0,121520_2,0
13650,2_1442_1454V.png,14421,1,14421_2,0
13670,0_9288_2550R.png,92880,0,92880_0,0
13690,1_15289_6417BR.png,152890,0,152890_1,0
13710,8_15168_6399R.png,151680,0,151680_8,0
13730,1_12955_4442ER.png,129550,0,129550_1,0
13750,1_15290_6417BV.png,152901,1,152901_1,0
13770,1_18139_7042R.png,181390,0,181390_1,0
13781,5_14062_4944AV.png,140621,1,140621_5,0
13782,1_13274_4470BR.png,132740,0,132740_1,0
13802,5_14742_6606R.png,147420,0,147420_5,0
13822,0_8873_2121R.png,88730,0,88730_0,0
13840,2_14085_5031BR.png,140850,0,140850_2,0
13846,1_13067_4455R.png,130670,0,130670_1,0
13847,2_14742_6606V.png,147421,1,147421_2,0
13858,1_13946_4857AV.png,139461,1,139461_1,0
13862,0_14101_5033E2V.png,141011,1,141011_0,0
13880,2_18165_5894V.png,181651,1,181651_2,0
13897,2_14722_6611BV.png,147221,1,147221_2,0
13899,3_13899_4801DV.png,138991,1,138991_3,0
13902,0_14008_4904AR.png,140080,0,140080_0,0
13920,4_15216_6412DR.png,152160,0,152160_4,0
13927,0_18418_3390_7169V.png,184181,1,184181_0,0
13947,7_14137_5188FV.png,141371,1,141371_7,0
13949,25_14016_4914BR.png,140160,0,140160_25,0
13961,1_17577_6774CR.png,175770,0,175770_1,0
13981,9_14138_5188GV.png,141381,1,141381_9,0
13983,0_16609_3520_P35_46.png,166091,1,166091_0,0
14003,0_16721_3520_P24_57.png,167211,1,167211_0,0
14023,3_13975_4877AR.png,139750,0,139750_3,0
14036,0_13966_4874BV.png,139661,1,139661_0,0
14056,1_13422_4495GV.png,134221,1,134221_1,0
14076,0_12439_3941DR.png,124390,0,124390_0,0
14096,11_14069_4948V.png,140691,1,140691_11,0
14097,0_16650_3520_P29_52.png,166501,1,166501_0,0
14117,1_14069_4948V.png,140691,1,140691_1,0
14137,4_13978_4877CV.png,139781,1,139781_4,0
14145,0_13969_4874DV.png,139691,1,139691_0,0
14158,0_2217_4526B2R.png,22170,0,22170_0,0
14178,1_11457_4147AR.png,114570,0,114570_1,0
14194,2_13903_4801HV.png,139031,1,139031_2,0
14202,0_1402_1359V.png,14021,1,14021_0,0
14222,1_12405_3936DV.png,124051,1,124051_1,0
14242,10_14103_5065CR.png,141030,0,141030_10,0
14247,0_14103_5065CV.png,141031,1,141031_0,0
14252,1_14622_6214ER.png,146220,0,146220_1,0
14261,5_13922_4814BR.png,139220,0,139220_5,0
14264,0_13914_4807BR.png,139140,0,139140_0,0
14265,2_13628_4518BV.png,136281,1,136281_2,0
14282,2_13596_4513DR.png,135960,0,135960_2,0
14302,1_15108_6392DR.png,151080,0,151080_1,0
14305,16_13903_4801HV.png,139031,1,139031_16,0
14318,1_16791_5855ER.png,167910,0,167910_1,0
14320,1_10786_4100AR.png,107860,0,107860_1,0
14340,0_5947_1252_12R.png,59470,0,59470_0,0
14344,0_5218_469V.png,52181,1,52181_0,0
14364,2_14157_5240BR.png,141570,0,141570_2,0
14378,1_13021_4438IV.png,130211,1,130211_1,0
14383,4_13923_4816AR.png,139230,0,139230_4,0
14403,2_13915_4807CR.png,139150,0,139150_2,0
14404,2_14115_5121FR.png,141150,0,141150_2,0
14410,1_16725_3520_P34_47.png,167251,1,167251_1,0
14430,4_14103_5065CR.png,141030,0,141030_4,0
14433,1_3040_6950R.png,30400,0,30400_1,0
14453,3_17803_6828BR.png,178030,0,178030_3,0
14456,3_14163_5240GR.png,141630,0,141630_3,0
14462,0_15300_6421R.png,153000,0,153000_0,0
14482,1_16712_3520_P12_71.png,167121,1,167121_1,0
14502,1_10293_3828V.png,102931,1,102931_1,0
14505,1_13536_4506CV.png,135361,1,135361_1,0
14525,0_6226_1412R.png,62260,0,62260_0,0
14545,0_17117_5921V.png,171171,1,171171_0,0
14565,3_13968_4874CV.png,139681,1,139681_3,0
14569,5_13931_4816EV.png,139311,1,139311_5,0
14589,4_14080_4984BV.png,140801,1,140801_4,0
14600,1_10758_4097Z26R.png,107580,0,107580_1,0
14605,1_17371_6756AR.png,173710,0,173710_1,0
14625,2_18641_2151R.png,186410,0,186410_2,0
14645,0_12844_4433SR.png,128440,0,128440_0,0
14651,6_13917_4807EV.png,139171,1,139171_6,0
14655,2_14138_5188GV.png,141381,1,141381_2,0
14657,10_14016_4914BR.png,140160,0,140160_10,0
14661,1_14070_4949R.png,140700,0,140700_1,0
14664,5_16801_5864CR.png,168010,0,168010_5,0
14665,2_10775_4098KV.png,107751,1,107751_2,0
14681,2_13378_4491CR.png,133780,0,133780_2,0
14689,11_14070_4949R.png,140700,0,140700_11,0
14709,2_2124_394R.png,21240,0,21240_2,0
14729,3_12110_4254V.png,121101,1,121101_3,0
14737,3_13930_4816DR.png,139300,0,139300_3,0
14757,4_15169_6400R.png,151690,0,151690_4,0
14758,0_9876_3427R_8.png,98760,0,98760_0,0
14778,4_14082_5008AR.png,140820,0,140820_4,0
14779,6_13885_4797DV.png,138851,1,138851_6,0
14798,4_14016_4914BR.png,140160,0,140160_4,0
14802,0_14738_6609CR.png,147380,0,147380_0,0
14809,5_4363_4024R_4027AR.png,43630,0,43630_5,0
14829,2_17857_6940V.png,178571,1,178571_2,0
14846,3_13797_4715CV.png,137971,1,137971_3,0
14847,1_11208_4126GR.png,112080,0,112080_1,0
14852,1_17952_6739V.png,179521,1,179521_1,0
14872,16_14138_5188GV.png,141381,1,141381_16,0
14876,0_5239_505R.png,52390,0,52390_0,0
14896,0_17936_6719V.png,179361,1,179361_0,0
14916,1_14149_5195R.png,141490,0,141490_1,0
14919,3_16793_5855FV.png,167931,1,167931_3,0
14927,0_13896_4801AR.png,138960,0,138960_0,0
14945,3_12806_4419DV.png,128061,1,128061_3,0
14959,2_4309_3544V.png,43091,1,43091_2,0
14979,0_8564_4286BR.png,85640,0,85640_0,0
14999,1_13988_4891R.png,139880,0,139880_1,0
15019,7_13960_4873DV.png,139601,1,139601_7,0
15021,4_11701_4169ER.png,117010,0,117010_4,0
15028,1_12051_4237QR.png,120510,0,120510_1,0
15048,2_14005_4899R.png,140050,0,140050_2,0
15062,9_14085_5031BR.png,140850,0,140850_9,0
15075,0_11152_4123NR.png,111520,0,111520_0,0
15095,0_12195_4279CV.png,121951,1,121951_0,0
15115,1_18313_7098R.png,183130,0,183130_1,0
15134,6_13944_4854CR.png,139440,0,139440_6,0
15138,4_13894_4797LV.png,138941,1,138941_4,0
15142,0_17654_6804AR.png,176540,0,176540_0,0
15151,1_18586_5925Z32R.png,185860,0,185860_1,0
15157,23_13903_4801HV.png,139031,1,139031_23,0
15163,12_14207_5252G28R.png,142070,0,142070_12,0
15165,1_9378_2616R.png,93780,0,93780_1,0
15185,1_5304_560DR.png,53040,0,53040_1,0
15190,0_16706_3520_P27_54.png,167061,1,167061_0,0
15210,2_14086_5031C1R.png,140860,0,140860_2,0
15230,9_13915_4807CR.png,139150,0,139150_9,0
15232,1_14207_5252G28R.png,142070,0,142070_1,0
15234,0_13980_4877EV.png,139801,1,139801_0,0
15254,0_4458_5578_1V.png,44581,1,44581_0,0
15274,0_13933_4833BV.png,139331,1,139331_0,0
15275,0_13918_4807FV.png,139181,1,139181_0,0
15295,0_13087_4457HR.png,130870,0,130870_0,0
15304,0_3946_3V.png,39461,1,39461_0,0
15324,8_14163_5240GR.png,141630,0,141630_8,0
15325,6_13905_4801KV.png,139051,1,139051_6,0
15327,7_15168_6399R.png,151680,0,151680_7,0
15347,1_17122_5926CR.png,171220,0,171220_1,0
15349,2_13913_4807AR.png,139130,0,139130_2,0
15359,1_5227_485V.png,52271,1,52271_1,0
15376,1_12502_4402V.png,125021,1,125021_1,0
15396,0_9876_3427R_9.png,98760,0,98760_0,0
15416,9_13903_4801HV.png,139031,1,139031_9,0
15421,0_15196_6409CV.png,151961,1,151961_0,0
15441,10_13894_4797LV.png,138941,1,138941_10,0
15445,2_16726_3520_P34_47.png,167261,1,167261_2,0
15465,1_13543_4507FR.png,135430,0,135430_1,0
15485,6_13924_4816BR.png,139240,0,139240_6,0
15493,1_13799_4715ER.png,137990,0,137990_1,0
15503,1_17712_6809DV.png,177121,1,177121_1,0
15523,0_11113_4121NV.png,111131,1,111131_0,0
15543,1_13564_4510AV.png,135641,1,135641_1,0
15563,4_13980_4877ER.png,139800,0,139800_4,0
15573,2_12010_4364V.png,120101,1,120101_2,0
15593,1_16264_7041R.png,162640,0,162640_1,0
15597,2_14076_4957R.png,140760,0,140760_2,0
15603,1_15084_6391CR.png,150840,0,150840_1,0
15608,1_5589_916R.png,55890,0,55890_1,0
15628,31_14016_4914BR.png,140160,0,140160_31,0
15639,1_14754_6605HV.png,147541,1,147541_1,0
15654,12_13905_4801KV.png,139051,1,139051_12,0
15658,0_12796_4430GV.png,127961,1,127961_0,0
15666,2_13919_4807GV.png,139191,1,139191_2,0
15684,1_15137_6396QR.png,151370,0,151370_1,0
15698,2_12810_4432AR.png,128100,0,128100_2,0
15718,0_13488_4502IR.png,134880,0,134880_0,0
15738,0_12774_4429BR.png,127740,0,127740_0,0
15758,1_12703_4419DV.png,127031,1,127031_1,0
15774,6_13913_4807AR.png,139130,0,139130_6,0
15794,1_17858_6941R.png,178580,0,178580_1,0
15814,0_10253_3784IV.png,102531,1,102531_0,0
15834,2_13682_4524HR.png,136820,0,136820_2,0
15844,1_8317_6398FR.png,83170,0,83170_1,0
15851,2_13905_4801KV.png,139051,1,139051_2,0
15853,0_12847_4434CR.png,128470,0,128470_0,0
15873,1_14948_6575R.png,149480,0,149480_1,0
15893,1_2124_394R.png,21240,0,21240_1,0
15913,5_14076_4957R.png,140760,0,140760_5,0
15915,1_16756_5842AR.png,167560,0,167560_1,0
15920,0_13399_4492GV.png,133991,1,133991_0,0
15928,2_18586_5925Z32R.png,185860,0,185860_2,0
15935,2_16601_3520_P37_44.png,166011,1,166011_2,0
15955,11_17712_6809DV.png,177121,1,177121_11,0
15969,1_12491_4400AR.png,124910,0,124910_1,0
15981,4_14740_6607BR.png,147400,0,147400_4,0
15986,4_13980_4877EV.png,139801,1,139801_4,0
16000,4_13933_4833BV.png,139331,1,139331_4,0
16002,0_5304_560DR.png,53040,0,53040_0,0
16018,4_13918_4807FV.png,139181,1,139181_4,0
16036,0_9378_2616R.png,93780,0,93780_0,0
16048,2_13944_4854CR.png,139440,0,139440_2,0
16055,9_14069_4948V.png,140691,1,140691_9,0
16059,0_17112_5914R.png,171120,0,171120_0,0
16079,0_13894_4797LV.png,138941,1,138941_0,0
16099,0_15141_6397DR.png,151410,0,151410_0,0
16119,0_17516_6772FR.png,175160,0,175160_0,0
16139,0_4216_6722VA.png,42161,1,42161_0,0
16152,11_14207_5252G28R.png,142070,0,142070_11,0
16157,0_15196_6409CR.png,151960,0,151960_0,0
16177,19_13903_4801HV.png,139031,1,139031_19,0
16183,1_16618_3520_P17_66.png,166181,1,166181_1,0
16203,2_11462_4148AR.png,114620,0,114620_2,0
16223,1_14101_5033E2V.png,141011,1,141011_1,0
16232,0_14072_4950V.png,140721,1,140721_0,0
16252,0_15168_6399R.png,151680,0,151680_0,0
16272,0_14151_5212R.png,141510,0,141510_0,0
16292,10_15168_6399R.png,151680,0,151680_10,0
16300,0_1954_335V.png,19541,1,19541_0,0
16320,1_12900_4436KR.png,129000,0,129000_1,0
16326,2_13924_4816BR.png,139240,0,139240_2,0
16328,10_13933_4833BV.png,139331,1,139331_10,0
16339,5_17712_6809DV.png,177121,1,177121_5,0
16359,1_12375_3929FR.png,123750,0,123750_1,0
16362,0_4458_5578_1R.png,44580,0,44580_0,0
16382,0_13980_4877ER.png,139800,0,139800_0,0
16402,1_18135_7033V.png,181351,1,181351_1,0
16422,1_18313_7098V.png,183131,1,183131_1,0
16439,0_16956_7063V.png,169561,1,169561_0,0
16459,0_16634_3520_P32_49.png,166341,1,166341_0,0
16479,0_17109_5910Z11R.png,171090,0,171090_0,0
16488,1_16636_3520_P31_50.png,166361,1,166361_1,0
16508,2_4309_3544R.png,43090,0,43090_2,0
16528,0_12195_4279CR.png,121950,0,121950_0,0
16548,0_17936_6719R.png,179360,0,179360_0,0
16550,0_17499_6771BR.png,174990,0,174990_0,0
16570,6_14138_5188GV.png,141381,1,141381_6,0
16573,2_13917_4807EV.png,139171,1,139171_2,0
16583,2_4190_5610R.png,41900,0,41900_2,0
16586,8_14137_5188FV.png,141371,1,141371_8,0
16592,14_14016_4914BR.png,140160,0,140160_14,0
16600,8_14081_5006BV.png,140811,1,140811_8,0
16606,0_17578_6774CV.png,175781,1,175781_0,0
16626,2_17857_6940R.png,178570,0,178570_2,0
16646,1_16801_5864CR.png,168010,0,168010_1,0
16654,1_13981_4878BV.png,139811,1,139811_1,0
16674,0_14080_4984BV.png,140801,1,140801_0,0
16680,1_13931_4816EV.png,139311,1,139311_1,0
16682,1_16648_3520_P30_51.png,166481,1,166481_1,0
16702,0_13649_4521EV.png,136491,1,136491_0,0
16721,3_13979_4877DV.png,139791,1,139791_3,0
16732,1_6226_1412R.png,62260,0,62260_1,0
16752,0_11701_4169ER.png,117010,0,117010_0,0
16772,2_13071_4456BV.png,130711,1,130711_2,0
16781,0_17612_6777FV.png,176121,1,176121_0,0
16801,1_5947_1252_12R.png,59470,0,59470_1,0
16802,3_13960_4873DV.png,139601,1,139601_3,0
16804,0_13916_4807DV.png,139161,1,139161_0,0
16824,3_15169_6400R.png,151690,0,151690_3,0
16830,2_5589_916R.png,55890,0,55890_2,0
16850,0_18552_7219R.png,185520,0,185520_0,0
16853,0_17827_6844BR.png,178270,0,178270_0,0
16873,4_13896_4801AR.png,138960,0,138960_4,0
16885,0_14016_4914BR.png,140160,0,140160_0,0
16889,6_14070_4949R.png,140700,0,140700_6,0
16909,12_14138_5188GV.png,141381,1,141381_12,0
16911,5_18641_2151R.png,186410,0,186410_5,0
16931,2_16721_3520_P24_57.png,167211,1,167211_2,0
16951,0_14082_5008AR.png,140820,0,140820_0,0
16971,8_13899_4801DR.png,138990,0,138990_8,0
16974,0_17117_5921R.png,171170,0,171170_0,0
16994,1_13886_4797EV.png,138861,1,138861_1,0
17007,1_13536_4506CR.png,135360,0,135360_1,0
17027,2_16609_3520_P35_46.png,166091,1,166091_2,0
17047,0_13090_4457KR.png,130900,0,130900_0,0
17067,2_13885_4797DV.png,138851,1,138851_2,0
17082,2_12804_4419DR.png,128040,0,128040_2,0
17099,0_14084_5028BR.png,140840,0,140840_0,0
17109,6_13628_4518BV.png,136281,1,136281_6,0
17112,4_13914_4807BR.png,139140,0,139140_4,0
17116,0_11830_4199FR.png,118300,0,118300_0,0
17128,2_2543_5768R.png,25430,0,25430_2,0
17148,1_13396_4492FR.png,133960,0,133960_1,0
17158,1_12784_4428EV.png,127841,1,127841_1,0
17178,3_13971_4876BR.png,139710,0,139710_3,0
17180,1_13922_4814BR.png,139220,0,139220_1,0
17181,0_17854_6936V.png,178541,1,178541_0,0
17194,1_10651_4089AV.png,106511,1,106511_1,0
17214,1_13302_4472R.png,133020,0,133020_1,0
17234,1_11277_4129FR.png,112770,0,112770_1,0
17243,4_14103_5065CV.png,141031,1,141031_4,0
17247,1_14545_5722ER.png,145450,0,145450_1,0
17251,0_13371_4490DR.png,133710,0,133710_0,0
17262,1_1402_1359V.png,14021,1,14021_1,0
17269,0_13978_4877CV.png,139781,1,139781_0,0
17276,2_14868_6587AR.png,148680,0,148680_2,0
17296,4_13969_4874DV.png,139691,1,139691_4,0
17298,5_11457_4147AR.png,114570,0,114570_5,0
17317,6_13903_4801HV.png,139031,1,139031_6,0
17325,0_11057_4115GR.png,110570,0,110570_0,0
17327,1_16606_3520_P36_45.png,166061,1,166061_1,0
17347,2_13596_4513DV.png,135961,1,135961_2,0
17367,0_16719_3520_P62.png,167191,1,167191_0,0
17387,2_13875_4761FV.png,138751,1,138751_2,0
17407,0_14289_5451ER.png,142890,0,142890_0,0
17424,10_13914_4807BR.png,139140,0,139140_10,0
17425,0_3040_6950R.png,30400,0,30400_0,0
17445,1_14083_5008BR.png,140830,0,140830_1,0
17452,9_14070_4949R.png,140700,0,140700_9,0
17472,9_13905_4801KV.png,139051,1,139051_9,0
17482,7_14163_5240GR.png,141630,0,141630_7,0
17488,0_13923_4816AR.png,139230,0,139230_0,0
17490,10_14103_5065CV.png,141031,1,141031_10,0
17496,6_13915_4807CR.png,139150,0,139150_6,0
17505,0_14103_5065CR.png,141030,0,141030_0,0
17511,0_11888_4208FR.png,118880,0,118880_0,0
17519,1_17077_5910KR.png,170770,0,170770_1,0
17525,12_13903_4801HV.png,139031,1,139031_12,0
17545,1_4216_6722RO.png,42160,0,42160_1,0
17551,1_11716_4171GR.png,117160,0,117160_1,0
17553,3_2323_4807DR.png,23230,0,23230_3,0
17573,1_17047_5831V.png,170471,1,170471_1,0
17593,10_13969_4874DV.png,139691,1,139691_10,0
17595,0_12186_4276AV.png,121861,1,121861_0,0
17615,6_14085_5031BR.png,140850,0,140850_6,0
17635,1_13422_4495GR.png,134220,0,134220_1,0
17655,16_14069_4948V.png,140691,1,140691_16,0
17666,0_13406_4493FR.png,134060,0,134060_0,0
17686,1_5126_4207CR.png,51260,0,51260_1,0
17706,1_8873_2121R.png,88730,0,88730_1,0
17726,0_18301_7089R.png,183010,0,183010_0,0
17746,0_15000_6369V.png,150001,1,150001_0,0
17766,1_14062_4944AV.png,140621,1,140621_1,0
17786,1_17352_6753FR.png,173520,0,173520_1,0
17806,1_10665_4092CR.png,106650,0,106650_1,0
17822,19_14138_5188GV.png,141381,1,141381_19,0
17824,5_4491_6281AR.png,44910,0,44910_5,0
17831,1_9288_2550R.png,92880,0,92880_1,0
17850,1_13589_4512CV.png,135891,1,135891_1,0
17870,0_15090_6391IR.png,150900,0,150900_0,0
17876,0_16019_3980CR.png,160190,0,160190_0,0
17896,2_13920_4807HR.png,139200,0,139200_2,0
17905,4_15216_6412DV.png,152161,1,152161_4,0
17910,3_13899_4801DR.png,138990,0,138990_3,0
17922,3_14148_5191BR.png,141480,0,141480_3,0
17929,0_12830_4433LR.png,128300,0,128300_0,0
17940,5_14742_6606V.png,147421,1,147421_5,0
17943,2_14742_6606R.png,147420,0,147420_2,0
17954,0_14727_6613R.png,147270,0,147270_0,0
17974,0_14723_6611CR.png,147230,0,147230_0,0
17994,3_13647_4521ER.png,136470,0,136470_3,0
17995,3_14137_5188FV.png,141371,1,141371_3,0
17998,21_14016_4914BR.png,140160,0,140160_21,0
18006,3_14081_5006BV.png,140811,1,140811_3,0
18008,0_13128_4460GR.png,131280,0,131280_0,0
18012,1_16617_3520_P17_66.png,166171,1,166171_1,0
18032,2_18607_5838Z2V.png,186071,1,186071_2,0
18052,0_12208_4279MR.png,122080,0,122080_0,0
18072,7_13899_4801DV.png,138991,1,138991_7,0
18075,0_15216_6412DR.png,152160,0,152160_0,0
